{"id":"bff8bf4edbc43908f27b66cc278e9fb8","name":"基于ant-design v4.x& widget开发模板","product":"vue-widget-template","version":"0.0.1","routes":[{"path":"/main","name":"Main","title":"主页面布局","type":1,"children":[{"path":"/main/test","name":"main-test","type":0,"index":1}]},{"path":"/back","name":"BackLayout","title":"","type":1,"children":[{"path":"dashboard","name":"dashboard","title":"仪表盘","type":0,"index":1,"children":[{"path":"welcome","name":"dashboard-welcome","title":"欢迎","type":0}]},{"path":"home","name":"home","title":"首页","type":0,"index":2},{"path":"map","name":"map","title":"地图","type":0,"index":2},{"path":"http://www.baidu.com","name":"http://www.baidu.com","title":"百度","type":0,"index":3}]},{"path":"/bigscreen","name":"bigscreen","title":"","type":0,"children":[{"path":"/test","name":"test","title":"routes.home","type":0},{"path":"/test2","name":"test2","title":"routes.home","type":0}]},{"path":"/sideLine","name":"sideLine","title":"","type":1,"children":[{"path":"layers","name":"layersview","title":"图层树","type":0},{"path":"datasource","name":"datasourceview","title":"数据源","type":0},{"path":"fonts","name":"fontsview","title":"字体","type":0},{"path":"icons","name":"iconsview","title":"图标","type":0},{"path":"settings","name":"settingsview","title":"设置","type":0}]},{"path":"/sideBar","name":"sideBar","title":"侧面布局","type":1,"children":[{"path":"sideLine2","name":"sideLine2","title":"","type":0,"children":[{"path":"layers","name":"sidebar-layers","title":"图层树","type":0},{"path":"datasource","name":"sidebar-datasourceview","title":"数据源","type":0},{"path":"fonts","name":"sidebar-fontsview","title":"字体","type":0},{"path":"icons","name":"sidebar-iconsview","title":"图标","type":0},{"path":"settings","name":"sidebar-settingsview","title":"设置","type":0}]}]}],"widgetMenu":[{"name":"二三维联动","index":30,"type":0,"children":[{"name":"飞行漫游","path":"flyRoamingWidget","type":0},{"name":"情景模拟","path":"SimulationWidget","type":0},{"name":"MapBox","path":"twoViewMBWidget","type":0},{"name":"OpenLayers","path":"twoViewOLWidget","type":0}]},{"name":"示例","index":99,"path":"rightMenuWidget","type":0},{"name":"设置","index":100,"path":"widgetSetting","type":0}],"widgets":[{"id":"HeaderTitleWidget","label":"头部栏","container":0,"preload":true},{"id":"LogoTitleWidget","label":"图标标题","container":0,"preload":true,"afterid":"HeaderTitleWidget"},{"id":"FooterCopyrightWidget","label":"底部栏","container":1,"preload":false},{"id":"ModalContainerWidget","label":"弹框容器","container":0,"preload":true},{"id":"SideMenuWidget","label":"左侧菜单","container":5,"preload":true},{"id":"headerTitleWidget","label":"头部栏","container":0,"preload":true},{"id":"bottomMenuWidget","container":1,"preload":true},{"id":"statusWidget","container":1,"preload":true},{"id":"cesiumWidget","container":2,"preload":true},{"id":"HeaderTitleWidget","label":"头部栏","container":0,"preload":true},{"id":"FooterCopyrightWidget","label":"底部栏","container":1,"preload":true},{"id":"ModalContainerWidget","label":"弹框容器","container":0,"preload":true}]}